{
  "GET Seller Product ID" : {
    "transaction" : "GET Seller Product ID",
    "sampleCount" : 3,
    "errorCount" : 0,
    "errorPct" : 0.0,
    "meanResTime" : 485.0,
    "medianResTime" : 317.0,
    "minResTime" : 317.0,
    "maxResTime" : 821.0,
    "pct1ResTime" : 821.0,
    "pct2ResTime" : 821.0,
    "pct3ResTime" : 821.0,
    "throughput" : 1.8450184501845017,
    "receivedKBytesPerSec" : 1.2954768219557196,
    "sentKBytesPerSec" : 0.6198108856088561
  },
  "POST Seller Product" : {
    "transaction" : "POST Seller Product",
    "sampleCount" : 3,
    "errorCount" : 0,
    "errorPct" : 0.0,
    "meanResTime" : 1970.3333333333333,
    "medianResTime" : 1788.0,
    "minResTime" : 1678.0,
    "maxResTime" : 2445.0,
    "pct1ResTime" : 2445.0,
    "pct2ResTime" : 2445.0,
    "pct3ResTime" : 2445.0,
    "throughput" : 1.1398176291793312,
    "receivedKBytesPerSec" : 0.7379873907674772,
    "sentKBytesPerSec" : 158.91439791508358
  },
  "Login" : {
    "transaction" : "Login",
    "sampleCount" : 3,
    "errorCount" : 0,
    "errorPct" : 0.0,
    "meanResTime" : 408.3333333333333,
    "medianResTime" : 395.0,
    "minResTime" : 385.0,
    "maxResTime" : 445.0,
    "pct1ResTime" : 445.0,
    "pct2ResTime" : 445.0,
    "pct3ResTime" : 445.0,
    "throughput" : 4.005340453938585,
    "receivedKBytesPerSec" : 1.9635555740987984,
    "sentKBytesPerSec" : 1.6271695594125501
  },
  "GET Buyer Product" : {
    "transaction" : "GET Buyer Product",
    "sampleCount" : 3,
    "errorCount" : 0,
    "errorPct" : 0.0,
    "meanResTime" : 4069.3333333333335,
    "medianResTime" : 4096.0,
    "minResTime" : 3734.0,
    "maxResTime" : 4378.0,
    "pct1ResTime" : 4378.0,
    "pct2ResTime" : 4378.0,
    "pct3ResTime" : 4378.0,
    "throughput" : 0.5603287261860291,
    "receivedKBytesPerSec" : 972.0849773533806,
    "sentKBytesPerSec" : 0.21395364447142323
  },
  "POST Buyer Order" : {
    "transaction" : "POST Buyer Order",
    "sampleCount" : 3,
    "errorCount" : 2,
    "errorPct" : 66.666664,
    "meanResTime" : 303.0,
    "medianResTime" : 299.0,
    "minResTime" : 295.0,
    "maxResTime" : 315.0,
    "pct1ResTime" : 315.0,
    "pct2ResTime" : 315.0,
    "pct3ResTime" : 315.0,
    "throughput" : 1.9193857965451055,
    "receivedKBytesPerSec" : 0.85785048784389,
    "sentKBytesPerSec" : 0.7610064779270633
  },
  "GET Buyer Order" : {
    "transaction" : "GET Buyer Order",
    "sampleCount" : 3,
    "errorCount" : 0,
    "errorPct" : 0.0,
    "meanResTime" : 344.3333333333333,
    "medianResTime" : 341.0,
    "minResTime" : 317.0,
    "maxResTime" : 375.0,
    "pct1ResTime" : 375.0,
    "pct2ResTime" : 375.0,
    "pct3ResTime" : 375.0,
    "throughput" : 1.8484288354898337,
    "receivedKBytesPerSec" : 15.843417860443623,
    "sentKBytesPerSec" : 0.6047106053604436
  },
  "GET Buyer Product ID" : {
    "transaction" : "GET Buyer Product ID",
    "sampleCount" : 3,
    "errorCount" : 0,
    "errorPct" : 0.0,
    "meanResTime" : 287.6666666666667,
    "medianResTime" : 288.0,
    "minResTime" : 285.0,
    "maxResTime" : 290.0,
    "pct1ResTime" : 290.0,
    "pct2ResTime" : 290.0,
    "pct3ResTime" : 290.0,
    "throughput" : 1.937984496124031,
    "receivedKBytesPerSec" : 2.1745548691860463,
    "sentKBytesPerSec" : 0.641578851744186
  },
  "DELETE Seller Product ID" : {
    "transaction" : "DELETE Seller Product ID",
    "sampleCount" : 3,
    "errorCount" : 2,
    "errorPct" : 66.666664,
    "meanResTime" : 419.3333333333333,
    "medianResTime" : 318.0,
    "minResTime" : 312.0,
    "maxResTime" : 628.0,
    "pct1ResTime" : 628.0,
    "pct2ResTime" : 628.0,
    "pct3ResTime" : 628.0,
    "throughput" : 1.5479876160990713,
    "receivedKBytesPerSec" : 0.5069256320949432,
    "sentKBytesPerSec" : 0.5532846362229102
  },
  "GET Buyer Order ID" : {
    "transaction" : "GET Buyer Order ID",
    "sampleCount" : 3,
    "errorCount" : 0,
    "errorPct" : 0.0,
    "meanResTime" : 332.3333333333333,
    "medianResTime" : 309.0,
    "minResTime" : 295.0,
    "maxResTime" : 393.0,
    "pct1ResTime" : 393.0,
    "pct2ResTime" : 393.0,
    "pct3ResTime" : 393.0,
    "throughput" : 1.8856065367693275,
    "receivedKBytesPerSec" : 2.5632463859208046,
    "sentKBytesPerSec" : 0.6279217080452546
  },
  "GET Seller Product" : {
    "transaction" : "GET Seller Product",
    "sampleCount" : 3,
    "errorCount" : 0,
    "errorPct" : 0.0,
    "meanResTime" : 346.0,
    "medianResTime" : 357.0,
    "minResTime" : 318.0,
    "maxResTime" : 363.0,
    "pct1ResTime" : 363.0,
    "pct2ResTime" : 363.0,
    "pct3ResTime" : 363.0,
    "throughput" : 2.581755593803787,
    "receivedKBytesPerSec" : 5.1332562392426855,
    "sentKBytesPerSec" : 0.8521810456110156
  },
  "Total" : {
    "transaction" : "Total",
    "sampleCount" : 36,
    "errorCount" : 4,
    "errorPct" : 11.111111,
    "meanResTime" : 926.3055555555557,
    "medianResTime" : 349.0,
    "minResTime" : 285.0,
    "maxResTime" : 4378.0,
    "pct1ResTime" : 2831.7000000000053,
    "pct2ResTime" : 4138.299999999999,
    "pct3ResTime" : 4378.0,
    "throughput" : 2.957364659492319,
    "receivedKBytesPerSec" : 431.71916395403764,
    "sentKBytesPerSec" : 35.64553404563378
  },
  "PUT Buyer Order ID" : {
    "transaction" : "PUT Buyer Order ID",
    "sampleCount" : 3,
    "errorCount" : 0,
    "errorPct" : 0.0,
    "meanResTime" : 314.6666666666667,
    "medianResTime" : 311.0,
    "minResTime" : 292.0,
    "maxResTime" : 341.0,
    "pct1ResTime" : 341.0,
    "pct2ResTime" : 341.0,
    "pct3ResTime" : 341.0,
    "throughput" : 1.832620647525962,
    "receivedKBytesPerSec" : 1.3154064218081858,
    "sentKBytesPerSec" : 0.690812080024435
  },
  "register" : {
    "transaction" : "register",
    "sampleCount" : 3,
    "errorCount" : 0,
    "errorPct" : 0.0,
    "meanResTime" : 1835.3333333333333,
    "medianResTime" : 1880.0,
    "minResTime" : 1656.0,
    "maxResTime" : 1970.0,
    "pct1ResTime" : 1970.0,
    "pct2ResTime" : 1970.0,
    "pct3ResTime" : 1970.0,
    "throughput" : 1.2903225806451613,
    "receivedKBytesPerSec" : 0.711945564516129,
    "sentKBytesPerSec" : 2.1169354838709675
  }
}